Position,Company,Location,URL
라인프렌즈 2022년 각 부문 수시의 전체 세부 정보,라인프렌즈,서울 용산구,https://kr.indeed.com/jobs?q=python&limit=50/rc/clk?jk=1015284880e2ff62&fccid=b6f22bcb6078a2c4&vjs=3
C/C++  Python 로봇 제어 개발자의 전체 세부 정보,메디인테크,서울 종로구,https://kr.indeed.com/jobs?q=python&limit=50/rc/clk?jk=718f3daebfc59a4b&fccid=dd616958bd9ddc12&vjs=3
인공지능 및 머신러닝 연구원 초빙의 전체 세부 정보,쿠노소프트,서울 성북구,https://kr.indeed.com/jobs?q=python&limit=50/rc/clk?jk=d24d8a681429b418&fccid=f2fc7b11fc1dd68f&vjs=3
통계·SAS 신입의 전체 세부 정보,에넬엑스코리아 유한회사,서울 중구,https://kr.indeed.com/jobs?q=python&limit=50/rc/clk?jk=480348bb5469fc98&fccid=894b956e02cfcab7&vjs=3
[신입] 서버 엔지니어 (Python)의 전체 세부 정보,페이히어,서울 강남구,https://kr.indeed.com/jobs?q=python&limit=50/rc/clk?jk=fb69276e57f3c312&fccid=254f50a1adb01cad&vjs=3
Diploma Student / Intern_Digital Labs_South Korea의 전체 세부 정보,SAP,서울,https://kr.indeed.com/jobs?q=python&limit=50/rc/clk?jk=d7de7711302cf1fc&fccid=156c7820d1988640&vjs=3
데이터 엔지니어 전문가의 전체 세부 정보,에스케이텔레콤,서울 중구,https://kr.indeed.com/jobs?q=python&limit=50/rc/clk?jk=47703903b6e5f4c7&fccid=ce2f0f28b40a5be8&vjs=3
[11번가] BI/DW Engineer의 전체 세부 정보,십일번가,서울 중구,https://kr.indeed.com/jobs?q=python&limit=50/rc/clk?jk=1e74695a011b66a6&fccid=54911ff2dce6c429&vjs=3
2023년 상시 [신입/경력] 개발자 중의 전체 세부 정보,사이냅소프트,서울 강서구,https://kr.indeed.com/jobs?q=python&limit=50/rc/clk?jk=5939f1161708ca93&fccid=0673ca84bc014599&vjs=3
KB저축은행 경력직의 전체 세부 정보,KB저축은행,서울 송파구,https://kr.indeed.com/jobs?q=python&limit=50/rc/clk?jk=e531b39ecff23e22&fccid=a638644439b34cff&vjs=3
[반짝] 연봉7천이상 팀장급 개발자(python/Java /My-SQL 등)의 전체 세부 정보,펫이지,서울 종로구,https://kr.indeed.com/jobs?q=python&limit=50/rc/clk?jk=ee36d59247206712&fccid=156bb0350f6796cc&vjs=3
Python 모니터링 에이전트 개발자의 전체 세부 정보,와탭랩스,서울 서초구,https://kr.indeed.com/jobs?q=python&limit=50/rc/clk?jk=f912e9946fc3f308&fccid=63a63ea10794e483&vjs=3
그룹공동 마이데이터 분석 플랫폼(데이터분석가)의 전체 세부 정보,KB데이타시스템,서울 마포구,https://kr.indeed.com/jobs?q=python&limit=50/rc/clk?jk=25b3c3e6a66bd77c&fccid=fe227fbd2afb9580&vjs=3
[신입] 미래 인재 DB의 전체 세부 정보,현대오토에버,서울,https://kr.indeed.com/jobs?q=python&limit=50/rc/clk?jk=8488f46665d1b77a&fccid=d5a22a3e93377742&vjs=3
도시과학빅데이터AI연구원 강사 (2023학년도 상반기)의 전체 세부 정보,서울시립대학교,서울 동대문구,https://kr.indeed.com/jobs?q=python&limit=50/rc/clk?jk=3840573ef802616d&fccid=6cc7b3195f69a539&vjs=3
[양재역] AI/빅데이터 데이터분석(석 박사)의 전체 세부 정보,시니어앤파트너즈,서울 서초구,https://kr.indeed.com/jobs?q=python&limit=50/rc/clk?jk=ce71e040d5a36470&fccid=59060ddcdf96b101&vjs=3
각 부문 신입/경력 직원의 전체 세부 정보,한국전자금융,서울 마포구,https://kr.indeed.com/jobs?q=python&limit=50/rc/clk?jk=37265fc0791a0464&fccid=05b9e3e68be655f0&vjs=3
사이냅소프트 2023년 개발자 신입/경력의 전체 세부 정보,사이냅소프트,서울 강서구,https://kr.indeed.com/jobs?q=python&limit=50/rc/clk?jk=1761dc9c32eee563&fccid=0673ca84bc014599&vjs=3
응용소프트웨어[인공지능(AI)  Python 등] 신입/경력 정규직의 전체 세부 정보,쿠노소프트,서울 성북구,https://kr.indeed.com/jobs?q=python&limit=50/rc/clk?jk=d518e7e35ad019c9&fccid=f2fc7b11fc1dd68f&vjs=3
한국필립모리스 2022년 상반기 수시의 전체 세부 정보,한국필립모리스㈜,서울 영등포구,https://kr.indeed.com/jobs?q=python&limit=50/rc/clk?jk=44e9ac7f0f94e784&fccid=fb7e65f74b012d18&vjs=3
2023 Recruit (Digital) IT 개발의 전체 세부 정보,현대카드 캐피탈,서울 영등포구,https://kr.indeed.com/jobs?q=python&limit=50/rc/clk?jk=3eb3980c53e2fb91&fccid=fcc6d6b229369ff5&vjs=3
[신입]백엔드 개발자의 전체 세부 정보,엘리스,서울 강남구,https://kr.indeed.com/jobs?q=python&limit=50/rc/clk?jk=6b5d1196de52155f&fccid=b00d4b329a5fe2ac&vjs=3
C/C++  Python 최적화 엔지니어의 전체 세부 정보,메디인테크,서울 종로구,https://kr.indeed.com/jobs?q=python&limit=50/rc/clk?jk=878823dd887b22ad&fccid=dd616958bd9ddc12&vjs=3
백엔드 개발자(Python)의 전체 세부 정보,NHN DATA,성남 판교역,https://kr.indeed.com/jobs?q=python&limit=50/rc/clk?jk=e764b919165b8d3e&fccid=a72ebaf825acf7af&vjs=3
[외국계 스타트업 미소] Business Analyst Intern (정규직 전환형)의 전체 세부 정보,유한회사 미소,서울,https://kr.indeed.com/jobs?q=python&limit=50/rc/clk?jk=4c25d6649f8434a8&fccid=02936474a8d39137&vjs=3
[HYBE] 데이터분석의 전체 세부 정보,하이브,서울 용산구,https://kr.indeed.com/jobs?q=python&limit=50/rc/clk?jk=d67a27d5fe57ede4&fccid=55c46c15186153ee&vjs=3
[잔디소프트] 개발툴 프로그래머 신입/경력 정규직의 전체 세부 정보,잔디소프트,서울 영등포구,https://kr.indeed.com/jobs?q=python&limit=50/rc/clk?jk=36371d8269d02021&fccid=370651ffb8b8be7b&vjs=3
빅데이터 분석 담당자의 전체 세부 정보,에스케이스토아,서울 마포구,https://kr.indeed.com/jobs?q=python&limit=50/rc/clk?jk=24ff5e43955faed4&fccid=16f22f46be5680cc&vjs=3
[EY한영] 컨설팅본부 DnA팀 인턴 채용 (프랑스어 능통자)의 전체 세부 정보,EY,서울 영등포구,https://kr.indeed.com/jobs?q=python&limit=50/rc/clk?jk=b071c5b183653b26&fccid=1544766d4c2915b0&vjs=3
[아키텍처팀] AI엔지니어의 전체 세부 정보,씨에스리,서울 마포구,https://kr.indeed.com/jobs?q=python&limit=50/rc/clk?jk=a6f81df478f46938&fccid=f1f32cf969091a05&vjs=3
[데브시스터즈] DevOps Engineer (신입)의 전체 세부 정보,데브시스터즈,서울 강남구,https://kr.indeed.com/jobs?q=python&limit=50/rc/clk?jk=3058f7280a2e6644&fccid=58a9a803698a0afd&vjs=3
한국제약바이오협회 인공지능(AI)신약개발지원센터의 전체 세부 정보,한국제약바이오협회,서울 서초구,https://kr.indeed.com/jobs?q=python&limit=50/rc/clk?jk=1cba249a2537932a&fccid=4f24ccf025b836ae&vjs=3
(주)엘솔루 R&D본부 ASR팀 개발직의 전체 세부 정보,㈜엘솔루,서울,https://kr.indeed.com/jobs?q=python&limit=50/rc/clk?jk=6d0b76f65c7a3c32&fccid=35c61db9f1514baf&vjs=3
Java  Python 영상툴 개발자의 전체 세부 정보,에이아이메이커,서울 금천구,https://kr.indeed.com/jobs?q=python&limit=50/rc/clk?jk=cae2de07045cfb2b&fccid=5347ade40d1c0654&vjs=3
Junior Data Scientist의 전체 세부 정보,Logistics Management Institute,서울,https://kr.indeed.com/jobs?q=python&limit=50/rc/clk?jk=ffcab40699b79c6b&fccid=12626f295bf6a003&vjs=3
[29CM] Data Engineer(Junior)의 전체 세부 정보,무신사,서울 성동구,https://kr.indeed.com/jobs?q=python&limit=50/rc/clk?jk=409fa2acb626da64&fccid=a21230b40394711d&vjs=3
[상시]항공 및 로보틱스 엔지니어의 전체 세부 정보,니어스랩,서울 강남구,https://kr.indeed.com/jobs?q=python&limit=50/rc/clk?jk=1be37fc67147967d&fccid=f3d5eeb09e72b348&vjs=3
IT인프라 운영/관리 경력 채용의 전체 세부 정보,한화그룹,서울,https://kr.indeed.com/jobs?q=python&limit=50/rc/clk?jk=634391b809381e67&fccid=bd0dc1817223394f&vjs=3
[글로벌디지털마케팅] 데이터 분석 신입/경력 정규직의 전체 세부 정보,콘센트릭스서비스코리아,서울 강남구,https://kr.indeed.com/jobs?q=python&limit=50/rc/clk?jk=7d0b292ab58142e6&fccid=7789b87d5d996c4a&vjs=3
[Tech] MLOps 개발자의 전체 세부 정보,콘텐츠웨이브,서울 영등포구,https://kr.indeed.com/jobs?q=python&limit=50/rc/clk?jk=99ce9838664df877&fccid=5bc77c5b90715cab&vjs=3
[외국계 스타트업 미소] Business Analyst의 전체 세부 정보,유한회사 미소,서울,https://kr.indeed.com/jobs?q=python&limit=50/rc/clk?jk=51df90967b46e8f0&fccid=02936474a8d39137&vjs=3
[글로벌AI]인공지능(AI) Engineer의 전체 세부 정보,인코리아 프로페셔널,서울,https://kr.indeed.com/jobs?q=python&limit=50/rc/clk?jk=a54daac26d2a702c&fccid=842365965c1f45a0&vjs=3
[데브시스터즈] Data Analyst (Junior)의 전체 세부 정보,데브시스터즈,서울 강남구,https://kr.indeed.com/jobs?q=python&limit=50/rc/clk?jk=ed5cc140dc878d55&fccid=58a9a803698a0afd&vjs=3
딥러닝 신입/경력 정규직의 전체 세부 정보,어밸브,서울 서초구,https://kr.indeed.com/jobs?q=python&limit=50/rc/clk?jk=071c8d5b9ced8e9d&fccid=90e59c5d7146f2da&vjs=3
비전넥스트 SW개발의 전체 세부 정보,한화그룹,서울,https://kr.indeed.com/jobs?q=python&limit=50/rc/clk?jk=88cf7e74c53eb1b4&fccid=bd0dc1817223394f&vjs=3
[] 알라딘 NLP 서비스 개발자의 전체 세부 정보,알라딘커뮤니케이션,서울 중구,https://kr.indeed.com/jobs?q=python&limit=50/rc/clk?jk=8ceeb4b779c785db&fccid=51edebdc5e4c842a&vjs=3
애플리케이션 개발자&컨설턴트 정규직의 전체 세부 정보,디지포머싸스랩,서울 강남구,https://kr.indeed.com/jobs?q=python&limit=50/rc/clk?jk=f8bfec7bfbdffd0a&fccid=20b90fd47dc8bed1&vjs=3
[외국계상장사]데이터분석가(Data Analyst)의 전체 세부 정보,인코리아 프로페셔널,서울 강남구,https://kr.indeed.com/jobs?q=python&limit=50/rc/clk?jk=7ad982fec3792221&fccid=842365965c1f45a0&vjs=3
AI(인공지능) 개발자의 전체 세부 정보,휴먼디지털,서울,https://kr.indeed.com/jobs?q=python&limit=50/rc/clk?jk=d498993697237b33&fccid=796208c8550d9592&vjs=3
Python 서버 어플리케이션 개발자의 전체 세부 정보,바인테크,서울 송파구,https://kr.indeed.com/jobs?q=python&limit=50/rc/clk?jk=8a7c4886df34e482&fccid=aef44811e748bebe&vjs=3
머신러닝 연구원/엔지니어 (영상)의 전체 세부 정보,에이아이파크,서울 마포구,https://kr.indeed.com/jobs?q=python&limit=50/rc/clk?jk=d4131621272dcd43&fccid=81580dfd463225ca&vjs=3
한국행동과학연구소 각 부문 수시의 전체 세부 정보,한국행동과학연구소,서울 강남구,https://kr.indeed.com/jobs?q=python&limit=50/rc/clk?jk=287a2f9783758916&fccid=bfea989faf5bd4e4&vjs=3
Data Scientist의 전체 세부 정보,Toss,서울,https://kr.indeed.com/jobs?q=python&limit=50/rc/clk?jk=9cb8324539546a71&fccid=18c4935c8ec646d5&vjs=3
[TES물류기술연구소] 데이터 분석 경력사원의 전체 세부 정보,씨제이대한통운,서울 중구,https://kr.indeed.com/jobs?q=python&limit=50/rc/clk?jk=96b23725e8c803f1&fccid=d24396ce2d855552&vjs=3
고객/차량 데이터 서비스 기획 (Data Service Planner)의 전체 세부 정보,기아,서울 서초구,https://kr.indeed.com/jobs?q=python&limit=50/rc/clk?jk=237c6ab79d69e6fc&fccid=4407ef3f1668028b&vjs=3
데이터베이스개발자  웹개발 신입/경력 정규직의 전체 세부 정보,여의도사람들,서울 영등포구,https://kr.indeed.com/jobs?q=python&limit=50/rc/clk?jk=e91b5984e7f5d3fd&fccid=298f56956b7c691f&vjs=3
[롯데정보통신] 카드IS팀 시스템 엔지니어 (인프라구축/운영)의 전체 세부 정보,롯데정보통신,서울,https://kr.indeed.com/jobs?q=python&limit=50/rc/clk?jk=666826b0c6041925&fccid=ae6a0ecfe23adfb7&vjs=3
[외국계 스타트업 미소] Data Analyst의 전체 세부 정보,유한회사 미소,서울,https://kr.indeed.com/jobs?q=python&limit=50/rc/clk?jk=ec5c7ccd76639120&fccid=02936474a8d39137&vjs=3
기술 인턴 인공지능 응용 연구/개발 인턴의 전체 세부 정보,써로마인드로보틱스,서울 관악구,https://kr.indeed.com/jobs?q=python&limit=50/rc/clk?jk=71c47ac87bb4087e&fccid=230e414668234579&vjs=3
English Data Linguist for AI Startup의 전체 세부 정보,MIND AI INC,서울 중구,https://kr.indeed.com/jobs?q=python&limit=50/company/JNP-LAB/jobs/English-Data-Linguist-Ai-Startup-6838a87dfaacc92f?fccid=5cde252d550394d2&vjs=3
[산업기능요원/보충역] 데이터 분석가의 전체 세부 정보,게임듀오,서울 마포구,https://kr.indeed.com/jobs?q=python&limit=50/rc/clk?jk=7d5382f48286a360&fccid=6926ada26f6a3047&vjs=3
데이터플랫폼/기준정보 부문 경력의 전체 세부 정보,현대오토에버,서울 강남구,https://kr.indeed.com/jobs?q=python&limit=50/rc/clk?jk=43153957c71542f6&fccid=d5a22a3e93377742&vjs=3
데이터 사이언티스트의 전체 세부 정보,뱅크샐러드,서울 영등포구,https://kr.indeed.com/jobs?q=python&limit=50/rc/clk?jk=c510798ae1557634&fccid=35209469e1b8c72c&vjs=3
[정보보안] 인프라 보안 엔지니어 (네트워크보안)의 전체 세부 정보,야놀자,서울 강남구,https://kr.indeed.com/jobs?q=python&limit=50/rc/clk?jk=e8de3c84b2e4cb63&fccid=73fe623ec23ed0a5&vjs=3
[EY한영] 감사본부 DSC팀 데이터 컨설팅 인턴 모집의 전체 세부 정보,EY,서울 영등포구,https://kr.indeed.com/jobs?q=python&limit=50/rc/clk?jk=56e9adf7ec9fa88f&fccid=1544766d4c2915b0&vjs=3
QE(quality engineer) 자동화 개발자 영입의 전체 세부 정보,베스핀글로벌,서울 서초구,https://kr.indeed.com/jobs?q=python&limit=50/rc/clk?jk=b931a9712c05cff8&fccid=d2a2cb2dc4e9a38f&vjs=3
JAVA  C·C++ 외 신입/경력 정규직  계약직  프리랜서의 전체 세부 정보,에스씨에이아카데미혜화,서울,https://kr.indeed.com/jobs?q=python&limit=50/rc/clk?jk=f4aa3759d608d254&fccid=4aba802670ed5334&vjs=3
웹개발  백엔드 외 신입/경력 정규직의 전체 세부 정보,코인챗,서울 강남구,https://kr.indeed.com/jobs?q=python&limit=50/rc/clk?jk=e3f3b7e2103d9bc7&fccid=e60f835b4d91f8e6&vjs=3
[단기계약직] 데이터 구축/분석 언어학자 모집의 전체 세부 정보,엔씨소프트,성남 판교역,https://kr.indeed.com/jobs?q=python&limit=50/rc/clk?jk=e25ba7940d4f5108&fccid=a1e4e21b1f33cf40&vjs=3
[글로벌AI]인공지능(AI) 엔지니어 신입/경력 정규직의 전체 세부 정보,인코리아 프로페셔널,서울 중구,https://kr.indeed.com/jobs?q=python&limit=50/rc/clk?jk=6b598377fe0e0e89&fccid=842365965c1f45a0&vjs=3
[올라핀테크] 핀테크 플랫폼 Python(파이썬) 개발자의 전체 세부 정보,주식회사 올라핀테크 관심기업,서울 논현동,https://kr.indeed.com/jobs?q=python&limit=50/rc/clk?jk=83afc0063130f3f2&fccid=ee9199e84b45d22f&vjs=3
Data Analyst의 전체 세부 정보,메이아이,서울 서초구,https://kr.indeed.com/jobs?q=python&limit=50/rc/clk?jk=b20024ae04249edf&fccid=3e00f0ee0376e91e&vjs=3
[글로벌디지털마케팅] Python Backend Engineer 정규직의 전체 세부 정보,콘센트릭스서비스코리아,서울 용산구,https://kr.indeed.com/jobs?q=python&limit=50/rc/clk?jk=67def202b8c35365&fccid=7789b87d5d996c4a&vjs=3
시스템 개발/운영 부문 경력(Vue.js  Python  MySQL)의 전체 세부 정보,현대오토에버,서울 강남구,https://kr.indeed.com/jobs?q=python&limit=50/rc/clk?jk=68cf49e14bbb629f&fccid=d5a22a3e93377742&vjs=3
2023년 기술지원 신입/경력 공채의 전체 세부 정보,하이브비젼,경기도 의왕,https://kr.indeed.com/jobs?q=python&limit=50/rc/clk?jk=da37d6862a4f1dbf&fccid=362466bf7a8d63ae&vjs=3
Back End(Python) 개발자의 전체 세부 정보,웨이브릿지,서울 영등포구,https://kr.indeed.com/jobs?q=python&limit=50/rc/clk?jk=ff8235d0cc862581&fccid=dd616958bd9ddc12&vjs=3
Crypto Junior Trader의 전체 세부 정보,페어스퀘어랩,서울 서초구,https://kr.indeed.com/jobs?q=python&limit=50/rc/clk?jk=be357044a45c03dd&fccid=dd616958bd9ddc12&vjs=3
개발자 (연봉 4 000 ~ 5 000 협의)의 전체 세부 정보,볼트시뮬레이션,서울 서초구,https://kr.indeed.com/jobs?q=python&limit=50/rc/clk?jk=61f60099aa6c9fc7&fccid=6661b32a113bc270&vjs=3
가상자산 트레이딩 / 시스템 개발자의 전체 세부 정보,블록투리얼,서울 강남구,https://kr.indeed.com/jobs?q=python&limit=50/rc/clk?jk=c04680232735292a&fccid=a0245242cd542697&vjs=3
[BDC] AI Lab 추천시스템 시니어 연구원의 전체 세부 정보,드라마앤컴퍼니,서울 강남구,https://kr.indeed.com/jobs?q=python&limit=50/rc/clk?jk=b2ea7a802be86a13&fccid=ab22c0300b6507e6&vjs=3
Python 분석 인원 정규직 채용의 전체 세부 정보,(주)스마트모빌러티 관심기업,서울 휘경동,https://kr.indeed.com/jobs?q=python&limit=50/rc/clk?jk=5e761f105a377ae8&fccid=307824036b9dcb17&vjs=3
파이썬 개발자 초중급 이상의 전체 세부 정보,데이터앤솔루션,서울 서초구,https://kr.indeed.com/jobs?q=python&limit=50/rc/clk?jk=d158e683dc0b7500&fccid=02f32b94107c54e3&vjs=3
(주)딥인스펙션 인공지능팀 팀원의 전체 세부 정보,딥인스펙션,서울 송파구,https://kr.indeed.com/jobs?q=python&limit=50/rc/clk?jk=e5556e2e684317de&fccid=c5de7e4571bb1a5a&vjs=3
Cloud Engineer의 전체 세부 정보,여기어때컴퍼니,서울 강남구,https://kr.indeed.com/jobs?q=python&limit=50/rc/clk?jk=ebb3aa8dafe6539b&fccid=f37025d91bdbf80c&vjs=3
(주)리얼데이터 분석컨설팅 인력의 전체 세부 정보,리얼데이터,서울 성동구,https://kr.indeed.com/jobs?q=python&limit=50/rc/clk?jk=0229342521a71f63&fccid=ac1fdbcac458a3ba&vjs=3
DeepLearning R&D Researcher의 전체 세부 정보,보이스루,서울 강남구,https://kr.indeed.com/jobs?q=python&limit=50/rc/clk?jk=fe177462f79a3fab&fccid=47d3a5ed3c96e651&vjs=3
Wi-Fi 소프트웨어 엔지니어 (신입/경력)의 전체 세부 정보,인피니언코리아,성남 분당구,https://kr.indeed.com/jobs?q=python&limit=50/rc/clk?jk=acf2807bdb4705cb&fccid=50debe8434cd12fc&vjs=3
C#  소프트웨어 or Python 기반 응용 S/W 개발 신입/경력의 전체 세부 정보,제스엔지니어링,서울 금천구,https://kr.indeed.com/jobs?q=python&limit=50/rc/clk?jk=de447d257e25bd93&fccid=0f2f8141103a3f4e&vjs=3
DevOps Engineer의 전체 세부 정보,버킷플레이스,서울 서초구,https://kr.indeed.com/jobs?q=python&limit=50/rc/clk?jk=66ecd711ecdb6090&fccid=b55bf4f67c7fe92c&vjs=3
[CDO] AI 플랫폼 엔지니어[책임매니저(G3)  책임매니저(G4)]의 전체 세부 정보,현대자동차그룹,서울 양재역,https://kr.indeed.com/jobs?q=python&limit=50/rc/clk?jk=0cd84d4aa217db55&fccid=980d6ecc399a3373&vjs=3
Data Analyst (검색/추천)의 전체 세부 정보,버킷플레이스,서울 서초구,https://kr.indeed.com/jobs?q=python&limit=50/rc/clk?jk=308a62557c59a6d9&fccid=b55bf4f67c7fe92c&vjs=3
인사/ IT/CS 기기관리 부문 신입/경력 직원 수시의 전체 세부 정보,한국전자금융,서울 마포구,https://kr.indeed.com/jobs?q=python&limit=50/rc/clk?jk=878fdc6864b4cd4b&fccid=05b9e3e68be655f0&vjs=3
Blockchain/Wallet Engineer의 전체 세부 정보,페어스퀘어랩,서울 서초구,https://kr.indeed.com/jobs?q=python&limit=50/rc/clk?jk=e6ca00b4981d1d96&fccid=dd616958bd9ddc12&vjs=3
[인텔리전스랩스] 유저프로파일팀 데이터 엔지니어의 전체 세부 정보,Nexon,경기도 성남,https://kr.indeed.com/jobs?q=python&limit=50/rc/clk?jk=74a33f3a6facddf1&fccid=aba87288e4cc3687&vjs=3
플랫폼 개발 리드의 전체 세부 정보,로민,서울 서초구,https://kr.indeed.com/jobs?q=python&limit=50/rc/clk?jk=9265605b38774b88&fccid=0d0806ee63249f1f&vjs=3
AI(딥러닝) 개발자의 전체 세부 정보,어밸브,서울 서초구,https://kr.indeed.com/jobs?q=python&limit=50/company/%EC%96%B4%EB%B0%B8%EB%B8%8C/jobs/Ai-%EA%B0%9C%EB%B0%9C%EC%9E%90-bb5ac3a7b7e28988?fccid=90e59c5d7146f2da&vjs=3
Business Analyst (데이터 분석가)의 전체 세부 정보,힐링페이퍼,서울 강남구,https://kr.indeed.com/jobs?q=python&limit=50/rc/clk?jk=c78633471307d0dc&fccid=674cf8ae9dea63c2&vjs=3
항공기 가스터빈엔진 분야별 R&D 경력직 채용 (상시채용)의 전체 세부 정보,한화그룹,서울,https://kr.indeed.com/jobs?q=python&limit=50/rc/clk?jk=d558d0eef71bb4e6&fccid=bd0dc1817223394f&vjs=3
리서치 경력직 연구원의 전체 세부 정보,리서치앤유,서울 성동구,https://kr.indeed.com/jobs?q=python&limit=50/rc/clk?jk=319acf518ef789e4&fccid=7c977224f6d09f7d&vjs=3
[AI/Lab] Recommendation System 리서치 엔지니어 (전문연구요원 가능)의 전체 세부 정보,버즈니,서울,https://kr.indeed.com/jobs?q=python&limit=50/rc/clk?jk=774afc35e3ec6e5a&fccid=d18b6eed9577092f&vjs=3
머신러닝 연구원/엔지니어 (영상)의 전체 세부 정보,에이아이파크,서울 마포구,https://kr.indeed.com/jobs?q=python&limit=50/rc/clk?jk=d4131621272dcd43&fccid=81580dfd463225ca&vjs=3
Data Scientist의 전체 세부 정보,Toss,서울,https://kr.indeed.com/jobs?q=python&limit=50/rc/clk?jk=9cb8324539546a71&fccid=18c4935c8ec646d5&vjs=3
한국행동과학연구소 각 부문 수시의 전체 세부 정보,한국행동과학연구소,서울 강남구,https://kr.indeed.com/jobs?q=python&limit=50/rc/clk?jk=287a2f9783758916&fccid=bfea989faf5bd4e4&vjs=3
[TES물류기술연구소] 데이터 분석 경력사원의 전체 세부 정보,씨제이대한통운,서울 중구,https://kr.indeed.com/jobs?q=python&limit=50/rc/clk?jk=96b23725e8c803f1&fccid=d24396ce2d855552&vjs=3
고객/차량 데이터 서비스 기획 (Data Service Planner)의 전체 세부 정보,기아,서울 서초구,https://kr.indeed.com/jobs?q=python&limit=50/rc/clk?jk=237c6ab79d69e6fc&fccid=4407ef3f1668028b&vjs=3
데이터베이스개발자  웹개발 신입/경력 정규직의 전체 세부 정보,여의도사람들,서울 영등포구,https://kr.indeed.com/jobs?q=python&limit=50/rc/clk?jk=e91b5984e7f5d3fd&fccid=298f56956b7c691f&vjs=3
[롯데정보통신] 카드IS팀 시스템 엔지니어 (인프라구축/운영)의 전체 세부 정보,롯데정보통신,서울,https://kr.indeed.com/jobs?q=python&limit=50/rc/clk?jk=666826b0c6041925&fccid=ae6a0ecfe23adfb7&vjs=3
[외국계 스타트업 미소] Data Analyst의 전체 세부 정보,유한회사 미소,서울,https://kr.indeed.com/jobs?q=python&limit=50/rc/clk?jk=ec5c7ccd76639120&fccid=02936474a8d39137&vjs=3
기술 인턴 인공지능 응용 연구/개발 인턴의 전체 세부 정보,써로마인드로보틱스,서울 관악구,https://kr.indeed.com/jobs?q=python&limit=50/rc/clk?jk=71c47ac87bb4087e&fccid=230e414668234579&vjs=3
English Data Linguist for AI Startup의 전체 세부 정보,MIND AI INC,서울 중구,https://kr.indeed.com/jobs?q=python&limit=50/company/JNP-LAB/jobs/English-Data-Linguist-Ai-Startup-6838a87dfaacc92f?fccid=5cde252d550394d2&vjs=3
[산업기능요원/보충역] 데이터 분석가의 전체 세부 정보,게임듀오,서울 마포구,https://kr.indeed.com/jobs?q=python&limit=50/rc/clk?jk=7d5382f48286a360&fccid=6926ada26f6a3047&vjs=3
데이터플랫폼/기준정보 부문 경력의 전체 세부 정보,현대오토에버,서울 강남구,https://kr.indeed.com/jobs?q=python&limit=50/rc/clk?jk=43153957c71542f6&fccid=d5a22a3e93377742&vjs=3
데이터 사이언티스트의 전체 세부 정보,뱅크샐러드,서울 영등포구,https://kr.indeed.com/jobs?q=python&limit=50/rc/clk?jk=c510798ae1557634&fccid=35209469e1b8c72c&vjs=3
[정보보안] 인프라 보안 엔지니어 (네트워크보안)의 전체 세부 정보,야놀자,서울 강남구,https://kr.indeed.com/jobs?q=python&limit=50/rc/clk?jk=e8de3c84b2e4cb63&fccid=73fe623ec23ed0a5&vjs=3
QE(quality engineer) 자동화 개발자 영입의 전체 세부 정보,베스핀글로벌,서울 서초구,https://kr.indeed.com/jobs?q=python&limit=50/rc/clk?jk=b931a9712c05cff8&fccid=d2a2cb2dc4e9a38f&vjs=3
[EY한영] 감사본부 DSC팀 데이터 컨설팅 인턴 모집의 전체 세부 정보,EY,서울 영등포구,https://kr.indeed.com/jobs?q=python&limit=50/rc/clk?jk=56e9adf7ec9fa88f&fccid=1544766d4c2915b0&vjs=3
JAVA  C·C++ 외 신입/경력 정규직  계약직  프리랜서의 전체 세부 정보,에스씨에이아카데미혜화,서울,https://kr.indeed.com/jobs?q=python&limit=50/rc/clk?jk=f4aa3759d608d254&fccid=4aba802670ed5334&vjs=3
[단기계약직] 데이터 구축/분석 언어학자 모집의 전체 세부 정보,엔씨소프트,성남 판교역,https://kr.indeed.com/jobs?q=python&limit=50/rc/clk?jk=e25ba7940d4f5108&fccid=a1e4e21b1f33cf40&vjs=3
웹개발  백엔드 외 신입/경력 정규직의 전체 세부 정보,코인챗,서울 강남구,https://kr.indeed.com/jobs?q=python&limit=50/rc/clk?jk=e3f3b7e2103d9bc7&fccid=e60f835b4d91f8e6&vjs=3
[글로벌AI]인공지능(AI) 엔지니어 신입/경력 정규직의 전체 세부 정보,인코리아 프로페셔널,서울 중구,https://kr.indeed.com/jobs?q=python&limit=50/rc/clk?jk=6b598377fe0e0e89&fccid=842365965c1f45a0&vjs=3
Data Analyst의 전체 세부 정보,메이아이,서울 서초구,https://kr.indeed.com/jobs?q=python&limit=50/rc/clk?jk=b20024ae04249edf&fccid=3e00f0ee0376e91e&vjs=3
[올라핀테크] 핀테크 플랫폼 Python(파이썬) 개발자의 전체 세부 정보,주식회사 올라핀테크 관심기업,서울 논현동,https://kr.indeed.com/jobs?q=python&limit=50/rc/clk?jk=83afc0063130f3f2&fccid=ee9199e84b45d22f&vjs=3
시스템 개발/운영 부문 경력(Vue.js  Python  MySQL)의 전체 세부 정보,현대오토에버,서울 강남구,https://kr.indeed.com/jobs?q=python&limit=50/rc/clk?jk=68cf49e14bbb629f&fccid=d5a22a3e93377742&vjs=3
[글로벌디지털마케팅] Python Backend Engineer 정규직의 전체 세부 정보,콘센트릭스서비스코리아,서울 용산구,https://kr.indeed.com/jobs?q=python&limit=50/rc/clk?jk=67def202b8c35365&fccid=7789b87d5d996c4a&vjs=3
2023년 기술지원 신입/경력 공채의 전체 세부 정보,하이브비젼,경기도 의왕,https://kr.indeed.com/jobs?q=python&limit=50/rc/clk?jk=da37d6862a4f1dbf&fccid=362466bf7a8d63ae&vjs=3
Back End(Python) 개발자의 전체 세부 정보,웨이브릿지,서울 영등포구,https://kr.indeed.com/jobs?q=python&limit=50/rc/clk?jk=ff8235d0cc862581&fccid=dd616958bd9ddc12&vjs=3
Crypto Junior Trader의 전체 세부 정보,페어스퀘어랩,서울 서초구,https://kr.indeed.com/jobs?q=python&limit=50/rc/clk?jk=be357044a45c03dd&fccid=dd616958bd9ddc12&vjs=3
개발자 (연봉 4 000 ~ 5 000 협의)의 전체 세부 정보,볼트시뮬레이션,서울 서초구,https://kr.indeed.com/jobs?q=python&limit=50/rc/clk?jk=61f60099aa6c9fc7&fccid=6661b32a113bc270&vjs=3
[BDC] AI Lab 추천시스템 시니어 연구원의 전체 세부 정보,드라마앤컴퍼니,서울 강남구,https://kr.indeed.com/jobs?q=python&limit=50/rc/clk?jk=b2ea7a802be86a13&fccid=ab22c0300b6507e6&vjs=3
가상자산 트레이딩 / 시스템 개발자의 전체 세부 정보,블록투리얼,서울 강남구,https://kr.indeed.com/jobs?q=python&limit=50/rc/clk?jk=c04680232735292a&fccid=a0245242cd542697&vjs=3
Python 분석 인원 정규직 채용의 전체 세부 정보,(주)스마트모빌러티 관심기업,서울 휘경동,https://kr.indeed.com/jobs?q=python&limit=50/rc/clk?jk=5e761f105a377ae8&fccid=307824036b9dcb17&vjs=3
파이썬 개발자 초중급 이상의 전체 세부 정보,데이터앤솔루션,서울 서초구,https://kr.indeed.com/jobs?q=python&limit=50/rc/clk?jk=d158e683dc0b7500&fccid=02f32b94107c54e3&vjs=3
(주)딥인스펙션 인공지능팀 팀원의 전체 세부 정보,딥인스펙션,서울 송파구,https://kr.indeed.com/jobs?q=python&limit=50/rc/clk?jk=e5556e2e684317de&fccid=c5de7e4571bb1a5a&vjs=3
Cloud Engineer의 전체 세부 정보,여기어때컴퍼니,서울 강남구,https://kr.indeed.com/jobs?q=python&limit=50/rc/clk?jk=ebb3aa8dafe6539b&fccid=f37025d91bdbf80c&vjs=3
(주)리얼데이터 분석컨설팅 인력의 전체 세부 정보,리얼데이터,서울 성동구,https://kr.indeed.com/jobs?q=python&limit=50/rc/clk?jk=0229342521a71f63&fccid=ac1fdbcac458a3ba&vjs=3
Wi-Fi 소프트웨어 엔지니어 (신입/경력)의 전체 세부 정보,인피니언코리아,성남 분당구,https://kr.indeed.com/jobs?q=python&limit=50/rc/clk?jk=acf2807bdb4705cb&fccid=50debe8434cd12fc&vjs=3
DeepLearning R&D Researcher의 전체 세부 정보,보이스루,서울 강남구,https://kr.indeed.com/jobs?q=python&limit=50/rc/clk?jk=fe177462f79a3fab&fccid=47d3a5ed3c96e651&vjs=3
C#  소프트웨어 or Python 기반 응용 S/W 개발 신입/경력의 전체 세부 정보,제스엔지니어링,서울 금천구,https://kr.indeed.com/jobs?q=python&limit=50/rc/clk?jk=de447d257e25bd93&fccid=0f2f8141103a3f4e&vjs=3
[CDO] AI 플랫폼 엔지니어[책임매니저(G3)  책임매니저(G4)]의 전체 세부 정보,현대자동차그룹,서울 양재역,https://kr.indeed.com/jobs?q=python&limit=50/rc/clk?jk=0cd84d4aa217db55&fccid=980d6ecc399a3373&vjs=3
DevOps Engineer의 전체 세부 정보,버킷플레이스,서울 서초구,https://kr.indeed.com/jobs?q=python&limit=50/rc/clk?jk=66ecd711ecdb6090&fccid=b55bf4f67c7fe92c&vjs=3
인사/ IT/CS 기기관리 부문 신입/경력 직원 수시의 전체 세부 정보,한국전자금융,서울 마포구,https://kr.indeed.com/jobs?q=python&limit=50/rc/clk?jk=878fdc6864b4cd4b&fccid=05b9e3e68be655f0&vjs=3
Data Analyst (검색/추천)의 전체 세부 정보,버킷플레이스,서울 서초구,https://kr.indeed.com/jobs?q=python&limit=50/rc/clk?jk=308a62557c59a6d9&fccid=b55bf4f67c7fe92c&vjs=3
Blockchain/Wallet Engineer의 전체 세부 정보,페어스퀘어랩,서울 서초구,https://kr.indeed.com/jobs?q=python&limit=50/rc/clk?jk=e6ca00b4981d1d96&fccid=dd616958bd9ddc12&vjs=3
플랫폼 개발 리드의 전체 세부 정보,로민,서울 서초구,https://kr.indeed.com/jobs?q=python&limit=50/rc/clk?jk=9265605b38774b88&fccid=0d0806ee63249f1f&vjs=3
[인텔리전스랩스] 유저프로파일팀 데이터 엔지니어의 전체 세부 정보,Nexon,경기도 성남,https://kr.indeed.com/jobs?q=python&limit=50/rc/clk?jk=74a33f3a6facddf1&fccid=aba87288e4cc3687&vjs=3
Business Analyst (데이터 분석가)의 전체 세부 정보,힐링페이퍼,서울 강남구,https://kr.indeed.com/jobs?q=python&limit=50/rc/clk?jk=c78633471307d0dc&fccid=674cf8ae9dea63c2&vjs=3
AI(딥러닝) 개발자의 전체 세부 정보,어밸브,서울 서초구,https://kr.indeed.com/jobs?q=python&limit=50/company/%EC%96%B4%EB%B0%B8%EB%B8%8C/jobs/Ai-%EA%B0%9C%EB%B0%9C%EC%9E%90-bb5ac3a7b7e28988?fccid=90e59c5d7146f2da&vjs=3
항공기 가스터빈엔진 분야별 R&D 경력직 채용 (상시채용)의 전체 세부 정보,한화그룹,서울,https://kr.indeed.com/jobs?q=python&limit=50/rc/clk?jk=d558d0eef71bb4e6&fccid=bd0dc1817223394f&vjs=3
리서치 경력직 연구원의 전체 세부 정보,리서치앤유,서울 성동구,https://kr.indeed.com/jobs?q=python&limit=50/rc/clk?jk=319acf518ef789e4&fccid=7c977224f6d09f7d&vjs=3
[AI/Lab] Recommendation System 리서치 엔지니어 (전문연구요원 가능)의 전체 세부 정보,버즈니,서울,https://kr.indeed.com/jobs?q=python&limit=50/rc/clk?jk=774afc35e3ec6e5a&fccid=d18b6eed9577092f&vjs=3
머신러닝 연구원/엔지니어 (영상)의 전체 세부 정보,에이아이파크,서울 마포구,https://kr.indeed.com/jobs?q=python&limit=50/rc/clk?jk=d4131621272dcd43&fccid=81580dfd463225ca&vjs=3
한국행동과학연구소 각 부문 수시의 전체 세부 정보,한국행동과학연구소,서울 강남구,https://kr.indeed.com/jobs?q=python&limit=50/rc/clk?jk=287a2f9783758916&fccid=bfea989faf5bd4e4&vjs=3
Data Scientist의 전체 세부 정보,Toss,서울,https://kr.indeed.com/jobs?q=python&limit=50/rc/clk?jk=9cb8324539546a71&fccid=18c4935c8ec646d5&vjs=3
[TES물류기술연구소] 데이터 분석 경력사원의 전체 세부 정보,씨제이대한통운,서울 중구,https://kr.indeed.com/jobs?q=python&limit=50/rc/clk?jk=96b23725e8c803f1&fccid=d24396ce2d855552&vjs=3
고객/차량 데이터 서비스 기획 (Data Service Planner)의 전체 세부 정보,기아,서울 서초구,https://kr.indeed.com/jobs?q=python&limit=50/rc/clk?jk=237c6ab79d69e6fc&fccid=4407ef3f1668028b&vjs=3
데이터베이스개발자  웹개발 신입/경력 정규직의 전체 세부 정보,여의도사람들,서울 영등포구,https://kr.indeed.com/jobs?q=python&limit=50/rc/clk?jk=e91b5984e7f5d3fd&fccid=298f56956b7c691f&vjs=3
[롯데정보통신] 카드IS팀 시스템 엔지니어 (인프라구축/운영)의 전체 세부 정보,롯데정보통신,서울,https://kr.indeed.com/jobs?q=python&limit=50/rc/clk?jk=666826b0c6041925&fccid=ae6a0ecfe23adfb7&vjs=3
[외국계 스타트업 미소] Data Analyst의 전체 세부 정보,유한회사 미소,서울,https://kr.indeed.com/jobs?q=python&limit=50/rc/clk?jk=ec5c7ccd76639120&fccid=02936474a8d39137&vjs=3
기술 인턴 인공지능 응용 연구/개발 인턴의 전체 세부 정보,써로마인드로보틱스,서울 관악구,https://kr.indeed.com/jobs?q=python&limit=50/rc/clk?jk=71c47ac87bb4087e&fccid=230e414668234579&vjs=3
English Data Linguist for AI Startup의 전체 세부 정보,MIND AI INC,서울 중구,https://kr.indeed.com/jobs?q=python&limit=50/company/JNP-LAB/jobs/English-Data-Linguist-Ai-Startup-6838a87dfaacc92f?fccid=5cde252d550394d2&vjs=3
[산업기능요원/보충역] 데이터 분석가의 전체 세부 정보,게임듀오,서울 마포구,https://kr.indeed.com/jobs?q=python&limit=50/rc/clk?jk=7d5382f48286a360&fccid=6926ada26f6a3047&vjs=3
데이터플랫폼/기준정보 부문 경력의 전체 세부 정보,현대오토에버,서울 강남구,https://kr.indeed.com/jobs?q=python&limit=50/rc/clk?jk=43153957c71542f6&fccid=d5a22a3e93377742&vjs=3
데이터 사이언티스트의 전체 세부 정보,뱅크샐러드,서울 영등포구,https://kr.indeed.com/jobs?q=python&limit=50/rc/clk?jk=c510798ae1557634&fccid=35209469e1b8c72c&vjs=3
[정보보안] 인프라 보안 엔지니어 (네트워크보안)의 전체 세부 정보,야놀자,서울 강남구,https://kr.indeed.com/jobs?q=python&limit=50/rc/clk?jk=e8de3c84b2e4cb63&fccid=73fe623ec23ed0a5&vjs=3
[EY한영] 감사본부 DSC팀 데이터 컨설팅 인턴 모집의 전체 세부 정보,EY,서울 영등포구,https://kr.indeed.com/jobs?q=python&limit=50/rc/clk?jk=56e9adf7ec9fa88f&fccid=1544766d4c2915b0&vjs=3
QE(quality engineer) 자동화 개발자 영입의 전체 세부 정보,베스핀글로벌,서울 서초구,https://kr.indeed.com/jobs?q=python&limit=50/rc/clk?jk=b931a9712c05cff8&fccid=d2a2cb2dc4e9a38f&vjs=3
JAVA  C·C++ 외 신입/경력 정규직  계약직  프리랜서의 전체 세부 정보,에스씨에이아카데미혜화,서울,https://kr.indeed.com/jobs?q=python&limit=50/rc/clk?jk=f4aa3759d608d254&fccid=4aba802670ed5334&vjs=3
웹개발  백엔드 외 신입/경력 정규직의 전체 세부 정보,코인챗,서울 강남구,https://kr.indeed.com/jobs?q=python&limit=50/rc/clk?jk=e3f3b7e2103d9bc7&fccid=e60f835b4d91f8e6&vjs=3
[단기계약직] 데이터 구축/분석 언어학자 모집의 전체 세부 정보,엔씨소프트,성남 판교역,https://kr.indeed.com/jobs?q=python&limit=50/rc/clk?jk=e25ba7940d4f5108&fccid=a1e4e21b1f33cf40&vjs=3
[글로벌AI]인공지능(AI) 엔지니어 신입/경력 정규직의 전체 세부 정보,인코리아 프로페셔널,서울 중구,https://kr.indeed.com/jobs?q=python&limit=50/rc/clk?jk=6b598377fe0e0e89&fccid=842365965c1f45a0&vjs=3
DigitalBCG | GAMMA Senior Data Scientist의 전체 세부 정보,Boston Consulting Group,서울,https://kr.indeed.com/jobs?q=python&limit=50/pagead/clk?mo=r&ad=-6NYlbfkN0DoP8nG612n6SaIo-6cBFZ4ajKscvbmOmjTSQxsFZrL9GCCvt0keq5zCI5jB2sD5HmOk6bBdE28lftUtaf23iDJrDAoI1nNE6KoHUWZH-mT8ohzioq5hLy-8sMiBMOXNZH7ubJJClH4kiMhYq5IoaCBGkVhxPMAp-0GjNbok3MyvUk2FAZPk-s38Ip97DzUD_T_zAZguhYwPiZirLM4dhhY-QLsc7hewGQe9pabk0_XHafIAh8-wExKiUzlA8FUa6RW0cFNdn8RCQ1kqkNDio05pbosgWKArYP8__8iyhjXDd-o2XyV3YN-V99TRAkJf6VFA0Fgqm1PJXrfU_21A7jeCWcsnQ7fCZCaQjJhjxRS8DpUkcw8gMBINhKfJ9vY05fxUwY2tmbfv-tG_edp6pS7TLZrnyHE7Ht6AqbOPoTDwjBAOafMh7C_MiVpMzTlSHcPgUyelc0F4wy0rISmCQwxWdkLRKsEsEEkeRNh5taG0oEa_tO5gtDdBbdooYk750z-mrq0O1uLav21PrDmlqOGREJ3BzIYvsOmsZYV4w8UD6srPYnzRCUv9MR8jmlbohvDC3B1RmuJjuuyKtGTKwivpXw1j-3qasT0xznsFsNDFDIUi0WW4z0fqj_ROzKRN70tJxglZhtP6lnDCZlVqx4mbuE-dVeMgCV-9BQvNRtWcz9ff9aWzySXTQX0B4VgeDFNBZPpRweGYaepZshe42zSzYVgre_NnAX63-8cYys5Q9KtIsxbkrMYg2lfFHtab_EQhn_Fzs71C0hnbxmRgs70b84Rq9ThuYgzDHHfFXPJC4PUei_SmabfLrDlz_JScOjKPFbP6p_0TRC2LuDJYTk_FbA1eEZceb3QsWF6BdwDxQdKvjr4r1vI2DrtTcEiiJIC99KbhjzQeBCtEuN-LJtBDYqA_DJGs2ICoBwQIrcdjxOZ50-GonJE2Y1ikvMAmVI6fOjlTT8I7aO6Us4Cq6NMkiBbHQgaFKFB4zNYZEEIVS8nbHOjkHCXB7q2OSVMjM6Z1ME7KRdWA55Z-zDepj4eluTMqt1mFecIVFlA29hdsi5lOvPT-EE-I8J5arsAh3mTbUKu7vf6qGU6KZZM4i3zwcI5IWSz57PsWD25eFdm9obvHds6yr_V&xkcb=SoCU-_M3UAllRqzkx50IbzkdCdPP&p=20&fvj=0&vjs=3
[올라핀테크] 핀테크 플랫폼 Python(파이썬) 개발자의 전체 세부 정보,주식회사 올라핀테크 관심기업,서울 논현동,https://kr.indeed.com/jobs?q=python&limit=50/rc/clk?jk=83afc0063130f3f2&fccid=ee9199e84b45d22f&vjs=3
Data Analyst의 전체 세부 정보,메이아이,서울 서초구,https://kr.indeed.com/jobs?q=python&limit=50/rc/clk?jk=b20024ae04249edf&fccid=3e00f0ee0376e91e&vjs=3
[글로벌디지털마케팅] Python Backend Engineer 정규직의 전체 세부 정보,콘센트릭스서비스코리아,서울 용산구,https://kr.indeed.com/jobs?q=python&limit=50/rc/clk?jk=67def202b8c35365&fccid=7789b87d5d996c4a&vjs=3
시스템 개발/운영 부문 경력(Vue.js  Python  MySQL)의 전체 세부 정보,현대오토에버,서울 강남구,https://kr.indeed.com/jobs?q=python&limit=50/rc/clk?jk=68cf49e14bbb629f&fccid=d5a22a3e93377742&vjs=3
2023년 기술지원 신입/경력 공채의 전체 세부 정보,하이브비젼,경기도 의왕,https://kr.indeed.com/jobs?q=python&limit=50/rc/clk?jk=da37d6862a4f1dbf&fccid=362466bf7a8d63ae&vjs=3
Back End(Python) 개발자의 전체 세부 정보,웨이브릿지,서울 영등포구,https://kr.indeed.com/jobs?q=python&limit=50/rc/clk?jk=ff8235d0cc862581&fccid=dd616958bd9ddc12&vjs=3
Crypto Junior Trader의 전체 세부 정보,페어스퀘어랩,서울 서초구,https://kr.indeed.com/jobs?q=python&limit=50/rc/clk?jk=be357044a45c03dd&fccid=dd616958bd9ddc12&vjs=3
개발자 (연봉 4 000 ~ 5 000 협의)의 전체 세부 정보,볼트시뮬레이션,서울 서초구,https://kr.indeed.com/jobs?q=python&limit=50/rc/clk?jk=61f60099aa6c9fc7&fccid=6661b32a113bc270&vjs=3
가상자산 트레이딩 / 시스템 개발자의 전체 세부 정보,블록투리얼,서울 강남구,https://kr.indeed.com/jobs?q=python&limit=50/rc/clk?jk=c04680232735292a&fccid=a0245242cd542697&vjs=3
[BDC] AI Lab 추천시스템 시니어 연구원의 전체 세부 정보,드라마앤컴퍼니,서울 강남구,https://kr.indeed.com/jobs?q=python&limit=50/rc/clk?jk=b2ea7a802be86a13&fccid=ab22c0300b6507e6&vjs=3
Python 분석 인원 정규직 채용의 전체 세부 정보,(주)스마트모빌러티 관심기업,서울 휘경동,https://kr.indeed.com/jobs?q=python&limit=50/rc/clk?jk=5e761f105a377ae8&fccid=307824036b9dcb17&vjs=3
파이썬 개발자 초중급 이상의 전체 세부 정보,데이터앤솔루션,서울 서초구,https://kr.indeed.com/jobs?q=python&limit=50/rc/clk?jk=d158e683dc0b7500&fccid=02f32b94107c54e3&vjs=3
(주)딥인스펙션 인공지능팀 팀원의 전체 세부 정보,딥인스펙션,서울 송파구,https://kr.indeed.com/jobs?q=python&limit=50/rc/clk?jk=e5556e2e684317de&fccid=c5de7e4571bb1a5a&vjs=3
Cloud Engineer의 전체 세부 정보,여기어때컴퍼니,서울 강남구,https://kr.indeed.com/jobs?q=python&limit=50/rc/clk?jk=ebb3aa8dafe6539b&fccid=f37025d91bdbf80c&vjs=3
(주)리얼데이터 분석컨설팅 인력의 전체 세부 정보,리얼데이터,서울 성동구,https://kr.indeed.com/jobs?q=python&limit=50/rc/clk?jk=0229342521a71f63&fccid=ac1fdbcac458a3ba&vjs=3
DeepLearning R&D Researcher의 전체 세부 정보,보이스루,서울 강남구,https://kr.indeed.com/jobs?q=python&limit=50/rc/clk?jk=fe177462f79a3fab&fccid=47d3a5ed3c96e651&vjs=3
Wi-Fi 소프트웨어 엔지니어 (신입/경력)의 전체 세부 정보,인피니언코리아,성남 분당구,https://kr.indeed.com/jobs?q=python&limit=50/rc/clk?jk=acf2807bdb4705cb&fccid=50debe8434cd12fc&vjs=3
C#  소프트웨어 or Python 기반 응용 S/W 개발 신입/경력의 전체 세부 정보,제스엔지니어링,서울 금천구,https://kr.indeed.com/jobs?q=python&limit=50/rc/clk?jk=de447d257e25bd93&fccid=0f2f8141103a3f4e&vjs=3
DevOps Engineer의 전체 세부 정보,버킷플레이스,서울 서초구,https://kr.indeed.com/jobs?q=python&limit=50/rc/clk?jk=66ecd711ecdb6090&fccid=b55bf4f67c7fe92c&vjs=3
[CDO] AI 플랫폼 엔지니어[책임매니저(G3)  책임매니저(G4)]의 전체 세부 정보,현대자동차그룹,서울 양재역,https://kr.indeed.com/jobs?q=python&limit=50/rc/clk?jk=0cd84d4aa217db55&fccid=980d6ecc399a3373&vjs=3
Data Analyst (검색/추천)의 전체 세부 정보,버킷플레이스,서울 서초구,https://kr.indeed.com/jobs?q=python&limit=50/rc/clk?jk=308a62557c59a6d9&fccid=b55bf4f67c7fe92c&vjs=3
인사/ IT/CS 기기관리 부문 신입/경력 직원 수시의 전체 세부 정보,한국전자금융,서울 마포구,https://kr.indeed.com/jobs?q=python&limit=50/rc/clk?jk=878fdc6864b4cd4b&fccid=05b9e3e68be655f0&vjs=3
Blockchain/Wallet Engineer의 전체 세부 정보,페어스퀘어랩,서울 서초구,https://kr.indeed.com/jobs?q=python&limit=50/rc/clk?jk=e6ca00b4981d1d96&fccid=dd616958bd9ddc12&vjs=3
[인텔리전스랩스] 유저프로파일팀 데이터 엔지니어의 전체 세부 정보,Nexon,경기도 성남,https://kr.indeed.com/jobs?q=python&limit=50/rc/clk?jk=74a33f3a6facddf1&fccid=aba87288e4cc3687&vjs=3
플랫폼 개발 리드의 전체 세부 정보,로민,서울 서초구,https://kr.indeed.com/jobs?q=python&limit=50/rc/clk?jk=9265605b38774b88&fccid=0d0806ee63249f1f&vjs=3
AI(딥러닝) 개발자의 전체 세부 정보,어밸브,서울 서초구,https://kr.indeed.com/jobs?q=python&limit=50/company/%EC%96%B4%EB%B0%B8%EB%B8%8C/jobs/Ai-%EA%B0%9C%EB%B0%9C%EC%9E%90-bb5ac3a7b7e28988?fccid=90e59c5d7146f2da&vjs=3
Business Analyst (데이터 분석가)의 전체 세부 정보,힐링페이퍼,서울 강남구,https://kr.indeed.com/jobs?q=python&limit=50/rc/clk?jk=c78633471307d0dc&fccid=674cf8ae9dea63c2&vjs=3
항공기 가스터빈엔진 분야별 R&D 경력직 채용 (상시채용)의 전체 세부 정보,한화그룹,서울,https://kr.indeed.com/jobs?q=python&limit=50/rc/clk?jk=d558d0eef71bb4e6&fccid=bd0dc1817223394f&vjs=3
리서치 경력직 연구원의 전체 세부 정보,리서치앤유,서울 성동구,https://kr.indeed.com/jobs?q=python&limit=50/rc/clk?jk=319acf518ef789e4&fccid=7c977224f6d09f7d&vjs=3
Python 서버 어플리케이션 개발자의 전체 세부 정보,바인테크,서울 송파구,https://kr.indeed.com/jobs?q=python&limit=50/rc/clk?jk=8a7c4886df34e482&fccid=aef44811e748bebe&vjs=3
머신러닝 연구원/엔지니어 (영상)의 전체 세부 정보,에이아이파크,서울 마포구,https://kr.indeed.com/jobs?q=python&limit=50/rc/clk?jk=d4131621272dcd43&fccid=81580dfd463225ca&vjs=3
한국행동과학연구소 각 부문 수시의 전체 세부 정보,한국행동과학연구소,서울 강남구,https://kr.indeed.com/jobs?q=python&limit=50/rc/clk?jk=287a2f9783758916&fccid=bfea989faf5bd4e4&vjs=3
Data Scientist의 전체 세부 정보,Toss,서울,https://kr.indeed.com/jobs?q=python&limit=50/rc/clk?jk=9cb8324539546a71&fccid=18c4935c8ec646d5&vjs=3
[TES물류기술연구소] 데이터 분석 경력사원의 전체 세부 정보,씨제이대한통운,서울 중구,https://kr.indeed.com/jobs?q=python&limit=50/rc/clk?jk=96b23725e8c803f1&fccid=d24396ce2d855552&vjs=3
고객/차량 데이터 서비스 기획 (Data Service Planner)의 전체 세부 정보,기아,서울 서초구,https://kr.indeed.com/jobs?q=python&limit=50/rc/clk?jk=237c6ab79d69e6fc&fccid=4407ef3f1668028b&vjs=3
데이터베이스개발자  웹개발 신입/경력 정규직의 전체 세부 정보,여의도사람들,서울 영등포구,https://kr.indeed.com/jobs?q=python&limit=50/rc/clk?jk=e91b5984e7f5d3fd&fccid=298f56956b7c691f&vjs=3
[롯데정보통신] 카드IS팀 시스템 엔지니어 (인프라구축/운영)의 전체 세부 정보,롯데정보통신,서울,https://kr.indeed.com/jobs?q=python&limit=50/rc/clk?jk=666826b0c6041925&fccid=ae6a0ecfe23adfb7&vjs=3
[외국계 스타트업 미소] Data Analyst의 전체 세부 정보,유한회사 미소,서울,https://kr.indeed.com/jobs?q=python&limit=50/rc/clk?jk=ec5c7ccd76639120&fccid=02936474a8d39137&vjs=3
기술 인턴 인공지능 응용 연구/개발 인턴의 전체 세부 정보,써로마인드로보틱스,서울 관악구,https://kr.indeed.com/jobs?q=python&limit=50/rc/clk?jk=71c47ac87bb4087e&fccid=230e414668234579&vjs=3
English Data Linguist for AI Startup의 전체 세부 정보,MIND AI INC,서울 중구,https://kr.indeed.com/jobs?q=python&limit=50/company/JNP-LAB/jobs/English-Data-Linguist-Ai-Startup-6838a87dfaacc92f?fccid=5cde252d550394d2&vjs=3
[산업기능요원/보충역] 데이터 분석가의 전체 세부 정보,게임듀오,서울 마포구,https://kr.indeed.com/jobs?q=python&limit=50/rc/clk?jk=7d5382f48286a360&fccid=6926ada26f6a3047&vjs=3
데이터플랫폼/기준정보 부문 경력의 전체 세부 정보,현대오토에버,서울 강남구,https://kr.indeed.com/jobs?q=python&limit=50/rc/clk?jk=43153957c71542f6&fccid=d5a22a3e93377742&vjs=3
데이터 사이언티스트의 전체 세부 정보,뱅크샐러드,서울 영등포구,https://kr.indeed.com/jobs?q=python&limit=50/rc/clk?jk=c510798ae1557634&fccid=35209469e1b8c72c&vjs=3
[정보보안] 인프라 보안 엔지니어 (네트워크보안)의 전체 세부 정보,야놀자,서울 강남구,https://kr.indeed.com/jobs?q=python&limit=50/rc/clk?jk=e8de3c84b2e4cb63&fccid=73fe623ec23ed0a5&vjs=3
[EY한영] 감사본부 DSC팀 데이터 컨설팅 인턴 모집의 전체 세부 정보,EY,서울 영등포구,https://kr.indeed.com/jobs?q=python&limit=50/rc/clk?jk=56e9adf7ec9fa88f&fccid=1544766d4c2915b0&vjs=3
QE(quality engineer) 자동화 개발자 영입의 전체 세부 정보,베스핀글로벌,서울 서초구,https://kr.indeed.com/jobs?q=python&limit=50/rc/clk?jk=b931a9712c05cff8&fccid=d2a2cb2dc4e9a38f&vjs=3
JAVA  C·C++ 외 신입/경력 정규직  계약직  프리랜서의 전체 세부 정보,에스씨에이아카데미혜화,서울,https://kr.indeed.com/jobs?q=python&limit=50/rc/clk?jk=f4aa3759d608d254&fccid=4aba802670ed5334&vjs=3
웹개발  백엔드 외 신입/경력 정규직의 전체 세부 정보,코인챗,서울 강남구,https://kr.indeed.com/jobs?q=python&limit=50/rc/clk?jk=e3f3b7e2103d9bc7&fccid=e60f835b4d91f8e6&vjs=3
[단기계약직] 데이터 구축/분석 언어학자 모집의 전체 세부 정보,엔씨소프트,성남 판교역,https://kr.indeed.com/jobs?q=python&limit=50/rc/clk?jk=e25ba7940d4f5108&fccid=a1e4e21b1f33cf40&vjs=3
[글로벌AI]인공지능(AI) 엔지니어 신입/경력 정규직의 전체 세부 정보,인코리아 프로페셔널,서울 중구,https://kr.indeed.com/jobs?q=python&limit=50/rc/clk?jk=6b598377fe0e0e89&fccid=842365965c1f45a0&vjs=3
[올라핀테크] 핀테크 플랫폼 Python(파이썬) 개발자의 전체 세부 정보,주식회사 올라핀테크 관심기업,서울 논현동,https://kr.indeed.com/jobs?q=python&limit=50/rc/clk?jk=83afc0063130f3f2&fccid=ee9199e84b45d22f&vjs=3
Data Analyst의 전체 세부 정보,메이아이,서울 서초구,https://kr.indeed.com/jobs?q=python&limit=50/rc/clk?jk=b20024ae04249edf&fccid=3e00f0ee0376e91e&vjs=3
[글로벌디지털마케팅] Python Backend Engineer 정규직의 전체 세부 정보,콘센트릭스서비스코리아,서울 용산구,https://kr.indeed.com/jobs?q=python&limit=50/rc/clk?jk=67def202b8c35365&fccid=7789b87d5d996c4a&vjs=3
시스템 개발/운영 부문 경력(Vue.js  Python  MySQL)의 전체 세부 정보,현대오토에버,서울 강남구,https://kr.indeed.com/jobs?q=python&limit=50/rc/clk?jk=68cf49e14bbb629f&fccid=d5a22a3e93377742&vjs=3
2023년 기술지원 신입/경력 공채의 전체 세부 정보,하이브비젼,경기도 의왕,https://kr.indeed.com/jobs?q=python&limit=50/rc/clk?jk=da37d6862a4f1dbf&fccid=362466bf7a8d63ae&vjs=3
Back End(Python) 개발자의 전체 세부 정보,웨이브릿지,서울 영등포구,https://kr.indeed.com/jobs?q=python&limit=50/rc/clk?jk=ff8235d0cc862581&fccid=dd616958bd9ddc12&vjs=3
Crypto Junior Trader의 전체 세부 정보,페어스퀘어랩,서울 서초구,https://kr.indeed.com/jobs?q=python&limit=50/rc/clk?jk=be357044a45c03dd&fccid=dd616958bd9ddc12&vjs=3
개발자 (연봉 4 000 ~ 5 000 협의)의 전체 세부 정보,볼트시뮬레이션,서울 서초구,https://kr.indeed.com/jobs?q=python&limit=50/rc/clk?jk=61f60099aa6c9fc7&fccid=6661b32a113bc270&vjs=3
가상자산 트레이딩 / 시스템 개발자의 전체 세부 정보,블록투리얼,서울 강남구,https://kr.indeed.com/jobs?q=python&limit=50/rc/clk?jk=c04680232735292a&fccid=a0245242cd542697&vjs=3
[BDC] AI Lab 추천시스템 시니어 연구원의 전체 세부 정보,드라마앤컴퍼니,서울 강남구,https://kr.indeed.com/jobs?q=python&limit=50/rc/clk?jk=b2ea7a802be86a13&fccid=ab22c0300b6507e6&vjs=3
Python 분석 인원 정규직 채용의 전체 세부 정보,(주)스마트모빌러티 관심기업,서울 휘경동,https://kr.indeed.com/jobs?q=python&limit=50/rc/clk?jk=5e761f105a377ae8&fccid=307824036b9dcb17&vjs=3
파이썬 개발자 초중급 이상의 전체 세부 정보,데이터앤솔루션,서울 서초구,https://kr.indeed.com/jobs?q=python&limit=50/rc/clk?jk=d158e683dc0b7500&fccid=02f32b94107c54e3&vjs=3
(주)딥인스펙션 인공지능팀 팀원의 전체 세부 정보,딥인스펙션,서울 송파구,https://kr.indeed.com/jobs?q=python&limit=50/rc/clk?jk=e5556e2e684317de&fccid=c5de7e4571bb1a5a&vjs=3
Cloud Engineer의 전체 세부 정보,여기어때컴퍼니,서울 강남구,https://kr.indeed.com/jobs?q=python&limit=50/rc/clk?jk=ebb3aa8dafe6539b&fccid=f37025d91bdbf80c&vjs=3
(주)리얼데이터 분석컨설팅 인력의 전체 세부 정보,리얼데이터,서울 성동구,https://kr.indeed.com/jobs?q=python&limit=50/rc/clk?jk=0229342521a71f63&fccid=ac1fdbcac458a3ba&vjs=3
DeepLearning R&D Researcher의 전체 세부 정보,보이스루,서울 강남구,https://kr.indeed.com/jobs?q=python&limit=50/rc/clk?jk=fe177462f79a3fab&fccid=47d3a5ed3c96e651&vjs=3
Wi-Fi 소프트웨어 엔지니어 (신입/경력)의 전체 세부 정보,인피니언코리아,성남 분당구,https://kr.indeed.com/jobs?q=python&limit=50/rc/clk?jk=acf2807bdb4705cb&fccid=50debe8434cd12fc&vjs=3
C#  소프트웨어 or Python 기반 응용 S/W 개발 신입/경력의 전체 세부 정보,제스엔지니어링,서울 금천구,https://kr.indeed.com/jobs?q=python&limit=50/rc/clk?jk=de447d257e25bd93&fccid=0f2f8141103a3f4e&vjs=3
DevOps Engineer의 전체 세부 정보,버킷플레이스,서울 서초구,https://kr.indeed.com/jobs?q=python&limit=50/rc/clk?jk=66ecd711ecdb6090&fccid=b55bf4f67c7fe92c&vjs=3
[CDO] AI 플랫폼 엔지니어[책임매니저(G3)  책임매니저(G4)]의 전체 세부 정보,현대자동차그룹,서울 양재역,https://kr.indeed.com/jobs?q=python&limit=50/rc/clk?jk=0cd84d4aa217db55&fccid=980d6ecc399a3373&vjs=3
Data Analyst (검색/추천)의 전체 세부 정보,버킷플레이스,서울 서초구,https://kr.indeed.com/jobs?q=python&limit=50/rc/clk?jk=308a62557c59a6d9&fccid=b55bf4f67c7fe92c&vjs=3
인사/ IT/CS 기기관리 부문 신입/경력 직원 수시의 전체 세부 정보,한국전자금융,서울 마포구,https://kr.indeed.com/jobs?q=python&limit=50/rc/clk?jk=878fdc6864b4cd4b&fccid=05b9e3e68be655f0&vjs=3
Blockchain/Wallet Engineer의 전체 세부 정보,페어스퀘어랩,서울 서초구,https://kr.indeed.com/jobs?q=python&limit=50/rc/clk?jk=e6ca00b4981d1d96&fccid=dd616958bd9ddc12&vjs=3
[인텔리전스랩스] 유저프로파일팀 데이터 엔지니어의 전체 세부 정보,Nexon,경기도 성남,https://kr.indeed.com/jobs?q=python&limit=50/rc/clk?jk=74a33f3a6facddf1&fccid=aba87288e4cc3687&vjs=3
플랫폼 개발 리드의 전체 세부 정보,로민,서울 서초구,https://kr.indeed.com/jobs?q=python&limit=50/rc/clk?jk=9265605b38774b88&fccid=0d0806ee63249f1f&vjs=3
AI(딥러닝) 개발자의 전체 세부 정보,어밸브,서울 서초구,https://kr.indeed.com/jobs?q=python&limit=50/company/%EC%96%B4%EB%B0%B8%EB%B8%8C/jobs/Ai-%EA%B0%9C%EB%B0%9C%EC%9E%90-bb5ac3a7b7e28988?fccid=90e59c5d7146f2da&vjs=3
Business Analyst (데이터 분석가)의 전체 세부 정보,힐링페이퍼,서울 강남구,https://kr.indeed.com/jobs?q=python&limit=50/rc/clk?jk=c78633471307d0dc&fccid=674cf8ae9dea63c2&vjs=3
항공기 가스터빈엔진 분야별 R&D 경력직 채용 (상시채용)의 전체 세부 정보,한화그룹,서울,https://kr.indeed.com/jobs?q=python&limit=50/rc/clk?jk=d558d0eef71bb4e6&fccid=bd0dc1817223394f&vjs=3
리서치 경력직 연구원의 전체 세부 정보,리서치앤유,서울 성동구,https://kr.indeed.com/jobs?q=python&limit=50/rc/clk?jk=319acf518ef789e4&fccid=7c977224f6d09f7d&vjs=3
Senior Open Source Developer & DevOps (Python  Django  React  AWS/OpenStack),OpenCraft,Anywhere in the World,https://weworkremotely.com//remote-jobs/opencraft-senior-open-source-developer-devops-python-django-react-aws-openstack
Senior Python Engineer: Long-term job - 100% remote,Proxify AB,Anywhere in the World,https://weworkremotely.com//remote-jobs/proxify-ab-senior-python-engineer-long-term-job-100-remote
Python Developer,lemon.io,Latin America Only/Europe Only/Canada Only,https://weworkremotely.com//remote-jobs/lemon-io-python-developer-3
(Senior) Python Full Stack Software Developer,Optimile,Europe Only,https://weworkremotely.com//remote-jobs/optimile-senior-python-full-stack-software-developer
Senior Full-stack Engineer with Python,NannyML,Anywhere in the World,https://weworkremotely.com//remote-jobs/nannyml-senior-full-stack-engineer-with-python
Senior Python Developer - Full Remote ,Ebury,Latin America Only/Europe Only,https://weworkremotely.com//remote-jobs/ebury-senior-python-developer-full-remote-1
Senior Software Engineer  Python,AssemblyAI (YC 17),Anywhere in the World,https://weworkremotely.com//remote-jobs/assemblyai-yc-17-senior-software-engineer-python
Python Platform Engineer,Doximity,Americas Only,https://weworkremotely.com//remote-jobs/doximity-python-platform-engineer
